rel_time_ms,sensor,value
0.04,sensor.arbeitsplatz_helligkeit,481.0
101.29,sensor.arbeitsplatz_helligkeit,481.0
202.5,sensor.arbeitsplatz_helligkeit,481.0
302.81,sensor.arbeitsplatz_helligkeit,744.0
403.25,sensor.arbeitsplatz_helligkeit,744.0
504.36,sensor.arbeitsplatz_helligkeit,744.0
605.46,sensor.arbeitsplatz_helligkeit,744.0
706.55,sensor.arbeitsplatz_helligkeit,744.0
807.75,sensor.arbeitsplatz_helligkeit,744.0
908.09,sensor.arbeitsplatz_helligkeit,744.0
1009.21,sensor.arbeitsplatz_helligkeit,744.0
1110.34,sensor.arbeitsplatz_helligkeit,744.0
1214.75,sensor.arbeitsplatz_helligkeit,744.0
1315.03,sensor.arbeitsplatz_helligkeit,744.0
1415.21,sensor.arbeitsplatz_helligkeit,744.0
1516.3,sensor.arbeitsplatz_helligkeit,744.0
1617.43,sensor.arbeitsplatz_helligkeit,744.0
1718.04,sensor.arbeitsplatz_helligkeit,744.0
1819.12,sensor.arbeitsplatz_helligkeit,744.0
1920.32,sensor.arbeitsplatz_helligkeit,744.0
2021.52,sensor.arbeitsplatz_helligkeit,744.0
2122.72,sensor.arbeitsplatz_helligkeit,744.0
2223.94,sensor.arbeitsplatz_helligkeit,744.0
2324.4,sensor.arbeitsplatz_helligkeit,753.0
2425.59,sensor.arbeitsplatz_helligkeit,753.0
2526.78,sensor.arbeitsplatz_helligkeit,753.0
2627.67,sensor.arbeitsplatz_helligkeit,753.0
2728.77,sensor.arbeitsplatz_helligkeit,753.0
2829.95,sensor.arbeitsplatz_helligkeit,753.0
2931.14,sensor.arbeitsplatz_helligkeit,753.0
3032.32,sensor.arbeitsplatz_helligkeit,753.0
3133.55,sensor.arbeitsplatz_helligkeit,753.0
3234.22,sensor.arbeitsplatz_helligkeit,753.0
3335.34,sensor.arbeitsplatz_helligkeit,753.0
3436.53,sensor.arbeitsplatz_helligkeit,753.0
3537.19,sensor.arbeitsplatz_helligkeit,753.0
3638.37,sensor.arbeitsplatz_helligkeit,753.0
3739.62,sensor.arbeitsplatz_helligkeit,753.0
3840.82,sensor.arbeitsplatz_helligkeit,753.0
3942.03,sensor.arbeitsplatz_helligkeit,753.0
4043.21,sensor.arbeitsplatz_helligkeit,753.0
4144.4,sensor.arbeitsplatz_helligkeit,753.0
4245.56,sensor.arbeitsplatz_helligkeit,753.0
4346.75,sensor.arbeitsplatz_helligkeit,753.0
4447.96,sensor.arbeitsplatz_helligkeit,753.0
4549.14,sensor.arbeitsplatz_helligkeit,753.0
4650.34,sensor.arbeitsplatz_helligkeit,753.0
4751.53,sensor.arbeitsplatz_helligkeit,753.0
4852.76,sensor.arbeitsplatz_helligkeit,753.0
4953.13,sensor.arbeitsplatz_helligkeit,753.0
5054.28,sensor.arbeitsplatz_helligkeit,753.0
5155.41,sensor.arbeitsplatz_helligkeit,753.0
5256.62,sensor.arbeitsplatz_helligkeit,753.0
5357.09,sensor.arbeitsplatz_helligkeit,753.0
5458.24,sensor.arbeitsplatz_helligkeit,753.0
5559.35,sensor.arbeitsplatz_helligkeit,753.0
5666.74,sensor.arbeitsplatz_helligkeit,753.0
5767.81,sensor.arbeitsplatz_helligkeit,753.0
5868.05,sensor.arbeitsplatz_helligkeit,753.0
5969.19,sensor.arbeitsplatz_helligkeit,753.0
6069.78,sensor.arbeitsplatz_helligkeit,753.0
6170.75,sensor.arbeitsplatz_helligkeit,753.0
6271.93,sensor.arbeitsplatz_helligkeit,753.0
6372.78,sensor.arbeitsplatz_helligkeit,753.0
6473.94,sensor.arbeitsplatz_helligkeit,753.0
6575.11,sensor.arbeitsplatz_helligkeit,753.0
6676.29,sensor.arbeitsplatz_helligkeit,753.0
6776.97,sensor.arbeitsplatz_helligkeit,753.0
6877.83,sensor.arbeitsplatz_helligkeit,753.0
6979.02,sensor.arbeitsplatz_helligkeit,753.0
7080.2,sensor.arbeitsplatz_helligkeit,753.0
7181.25,sensor.arbeitsplatz_helligkeit,753.0
7281.47,sensor.arbeitsplatz_helligkeit,753.0
7382.63,sensor.arbeitsplatz_helligkeit,753.0
7483.83,sensor.arbeitsplatz_helligkeit,753.0
7584.92,sensor.arbeitsplatz_helligkeit,753.0
7685.65,sensor.arbeitsplatz_helligkeit,753.0
7786.79,sensor.arbeitsplatz_helligkeit,753.0
7887.96,sensor.arbeitsplatz_helligkeit,753.0
7989.14,sensor.arbeitsplatz_helligkeit,753.0
8090.32,sensor.arbeitsplatz_helligkeit,753.0
8191.48,sensor.arbeitsplatz_helligkeit,753.0
8292.6,sensor.arbeitsplatz_helligkeit,753.0
8393.76,sensor.arbeitsplatz_helligkeit,753.0
8494.94,sensor.arbeitsplatz_helligkeit,753.0
8596.1,sensor.arbeitsplatz_helligkeit,753.0
8697.26,sensor.arbeitsplatz_helligkeit,753.0
8798.42,sensor.arbeitsplatz_helligkeit,753.0
8899.59,sensor.arbeitsplatz_helligkeit,753.0
9000.86,sensor.arbeitsplatz_helligkeit,753.0
9102.08,sensor.arbeitsplatz_helligkeit,753.0
9203.27,sensor.arbeitsplatz_helligkeit,753.0
9304.45,sensor.arbeitsplatz_helligkeit,753.0
9405.65,sensor.arbeitsplatz_helligkeit,753.0
9506.72,sensor.arbeitsplatz_helligkeit,753.0
9607.07,sensor.arbeitsplatz_helligkeit,753.0
9708.27,sensor.arbeitsplatz_helligkeit,753.0
9809.11,sensor.arbeitsplatz_helligkeit,753.0
9910.26,sensor.arbeitsplatz_helligkeit,753.0
10011.43,sensor.arbeitsplatz_helligkeit,753.0
10111.97,sensor.arbeitsplatz_helligkeit,753.0
10213.13,sensor.arbeitsplatz_helligkeit,753.0
10314.29,sensor.arbeitsplatz_helligkeit,753.0
10415.3,sensor.arbeitsplatz_helligkeit,752.0
10515.85,sensor.arbeitsplatz_helligkeit,752.0
10617.03,sensor.arbeitsplatz_helligkeit,752.0
10718.28,sensor.arbeitsplatz_helligkeit,752.0
10819.28,sensor.arbeitsplatz_helligkeit,752.0
10920.39,sensor.arbeitsplatz_helligkeit,752.0
11020.77,sensor.arbeitsplatz_helligkeit,752.0
11122.0,sensor.arbeitsplatz_helligkeit,752.0
11223.17,sensor.arbeitsplatz_helligkeit,752.0
11324.37,sensor.arbeitsplatz_helligkeit,752.0
11425.57,sensor.arbeitsplatz_helligkeit,752.0
11526.77,sensor.arbeitsplatz_helligkeit,752.0
11627.95,sensor.arbeitsplatz_helligkeit,752.0
11729.13,sensor.arbeitsplatz_helligkeit,752.0
11830.33,sensor.arbeitsplatz_helligkeit,752.0
11931.24,sensor.arbeitsplatz_helligkeit,752.0
12032.45,sensor.arbeitsplatz_helligkeit,752.0
12133.58,sensor.arbeitsplatz_helligkeit,752.0
12234.75,sensor.arbeitsplatz_helligkeit,752.0
12335.88,sensor.arbeitsplatz_helligkeit,753.0
12437.02,sensor.arbeitsplatz_helligkeit,753.0
12538.17,sensor.arbeitsplatz_helligkeit,753.0
12639.37,sensor.arbeitsplatz_helligkeit,753.0
12740.58,sensor.arbeitsplatz_helligkeit,753.0
12841.76,sensor.arbeitsplatz_helligkeit,753.0
12942.98,sensor.arbeitsplatz_helligkeit,753.0
13044.17,sensor.arbeitsplatz_helligkeit,753.0
13145.35,sensor.arbeitsplatz_helligkeit,753.0
13246.55,sensor.arbeitsplatz_helligkeit,753.0
13347.72,sensor.arbeitsplatz_helligkeit,753.0
13448.91,sensor.arbeitsplatz_helligkeit,753.0
13550.1,sensor.arbeitsplatz_helligkeit,753.0
13651.01,sensor.arbeitsplatz_helligkeit,753.0
13752.25,sensor.arbeitsplatz_helligkeit,753.0
13853.21,sensor.arbeitsplatz_helligkeit,753.0
13954.4,sensor.arbeitsplatz_helligkeit,753.0
14055.59,sensor.arbeitsplatz_helligkeit,753.0
14156.71,sensor.arbeitsplatz_helligkeit,753.0
14257.91,sensor.arbeitsplatz_helligkeit,753.0
14358.23,sensor.arbeitsplatz_helligkeit,753.0
14458.87,sensor.arbeitsplatz_helligkeit,753.0
14560.05,sensor.arbeitsplatz_helligkeit,753.0
14661.23,sensor.arbeitsplatz_helligkeit,753.0
14762.04,sensor.arbeitsplatz_helligkeit,753.0
14863.23,sensor.arbeitsplatz_helligkeit,753.0
14964.41,sensor.arbeitsplatz_helligkeit,753.0
15065.28,sensor.arbeitsplatz_helligkeit,753.0
15165.9,sensor.arbeitsplatz_helligkeit,753.0
15267.1,sensor.arbeitsplatz_helligkeit,753.0
15368.25,sensor.arbeitsplatz_helligkeit,753.0
15469.35,sensor.arbeitsplatz_helligkeit,753.0
15570.43,sensor.arbeitsplatz_helligkeit,753.0
15671.49,sensor.arbeitsplatz_helligkeit,753.0
15772.63,sensor.arbeitsplatz_helligkeit,753.0
15880.26,sensor.arbeitsplatz_helligkeit,753.0
15981.34,sensor.arbeitsplatz_helligkeit,753.0
16082.4,sensor.arbeitsplatz_helligkeit,753.0
16183.45,sensor.arbeitsplatz_helligkeit,753.0
16284.5,sensor.arbeitsplatz_helligkeit,753.0
16385.58,sensor.arbeitsplatz_helligkeit,753.0
16486.7,sensor.arbeitsplatz_helligkeit,753.0
16587.84,sensor.arbeitsplatz_helligkeit,753.0
16689.04,sensor.arbeitsplatz_helligkeit,753.0
16789.79,sensor.arbeitsplatz_helligkeit,753.0
16890.91,sensor.arbeitsplatz_helligkeit,753.0
16992.09,sensor.arbeitsplatz_helligkeit,753.0
17093.26,sensor.arbeitsplatz_helligkeit,753.0
17194.43,sensor.arbeitsplatz_helligkeit,753.0
17295.61,sensor.arbeitsplatz_helligkeit,753.0
17396.78,sensor.arbeitsplatz_helligkeit,753.0
17497.76,sensor.arbeitsplatz_helligkeit,753.0
17598.96,sensor.arbeitsplatz_helligkeit,753.0
17700.12,sensor.arbeitsplatz_helligkeit,753.0
17801.28,sensor.arbeitsplatz_helligkeit,753.0
17902.45,sensor.arbeitsplatz_helligkeit,753.0
18002.81,sensor.arbeitsplatz_helligkeit,753.0
18103.25,sensor.arbeitsplatz_helligkeit,753.0
18204.42,sensor.arbeitsplatz_helligkeit,753.0
18305.6,sensor.arbeitsplatz_helligkeit,753.0
18406.73,sensor.arbeitsplatz_helligkeit,753.0
18507.02,sensor.arbeitsplatz_helligkeit,753.0
18608.17,sensor.arbeitsplatz_helligkeit,753.0
18708.42,sensor.arbeitsplatz_helligkeit,753.0
18809.62,sensor.arbeitsplatz_helligkeit,753.0
18910.75,sensor.arbeitsplatz_helligkeit,753.0
19011.84,sensor.arbeitsplatz_helligkeit,753.0
19112.29,sensor.arbeitsplatz_helligkeit,753.0
19212.41,sensor.arbeitsplatz_helligkeit,753.0
19313.0,sensor.arbeitsplatz_helligkeit,753.0
19414.08,sensor.arbeitsplatz_helligkeit,753.0
19515.09,sensor.arbeitsplatz_helligkeit,753.0
19615.72,sensor.arbeitsplatz_helligkeit,753.0
19716.83,sensor.arbeitsplatz_helligkeit,753.0
19817.93,sensor.arbeitsplatz_helligkeit,753.0
19918.5,sensor.arbeitsplatz_helligkeit,753.0
20019.2,sensor.arbeitsplatz_helligkeit,753.0
20119.6,sensor.arbeitsplatz_helligkeit,753.0
20220.65,sensor.arbeitsplatz_helligkeit,753.0
20320.92,sensor.arbeitsplatz_helligkeit,753.0
20421.96,sensor.arbeitsplatz_helligkeit,753.0
20522.77,sensor.arbeitsplatz_helligkeit,753.0
20623.9,sensor.arbeitsplatz_helligkeit,753.0
20725.03,sensor.arbeitsplatz_helligkeit,753.0
20826.19,sensor.arbeitsplatz_helligkeit,753.0
20927.36,sensor.arbeitsplatz_helligkeit,753.0
21028.47,sensor.arbeitsplatz_helligkeit,753.0
21128.97,sensor.arbeitsplatz_helligkeit,753.0
21230.13,sensor.arbeitsplatz_helligkeit,753.0
21330.41,sensor.arbeitsplatz_helligkeit,753.0
21430.58,sensor.arbeitsplatz_helligkeit,753.0
21531.57,sensor.arbeitsplatz_helligkeit,753.0
21632.74,sensor.arbeitsplatz_helligkeit,753.0
21733.97,sensor.arbeitsplatz_helligkeit,753.0
21835.16,sensor.arbeitsplatz_helligkeit,753.0
21935.37,sensor.arbeitsplatz_helligkeit,753.0
22036.54,sensor.arbeitsplatz_helligkeit,753.0
22137.72,sensor.arbeitsplatz_helligkeit,753.0
22238.93,sensor.arbeitsplatz_helligkeit,753.0
22340.12,sensor.arbeitsplatz_helligkeit,753.0
22441.33,sensor.arbeitsplatz_helligkeit,753.0
22542.43,sensor.arbeitsplatz_helligkeit,753.0
22643.6,sensor.arbeitsplatz_helligkeit,753.0
22744.77,sensor.arbeitsplatz_helligkeit,753.0
22845.87,sensor.arbeitsplatz_helligkeit,753.0
22946.96,sensor.arbeitsplatz_helligkeit,753.0
23048.05,sensor.arbeitsplatz_helligkeit,753.0
23148.41,sensor.arbeitsplatz_helligkeit,753.0
23249.32,sensor.arbeitsplatz_helligkeit,753.0
23350.47,sensor.arbeitsplatz_helligkeit,753.0
23451.65,sensor.arbeitsplatz_helligkeit,753.0
23552.84,sensor.arbeitsplatz_helligkeit,753.0
23654.02,sensor.arbeitsplatz_helligkeit,753.0
23754.75,sensor.arbeitsplatz_helligkeit,753.0
23855.81,sensor.arbeitsplatz_helligkeit,753.0
23956.63,sensor.arbeitsplatz_helligkeit,753.0
24057.85,sensor.arbeitsplatz_helligkeit,753.0
24159.05,sensor.arbeitsplatz_helligkeit,753.0
24260.23,sensor.arbeitsplatz_helligkeit,753.0
24361.25,sensor.arbeitsplatz_helligkeit,753.0
24462.41,sensor.arbeitsplatz_helligkeit,753.0
24563.6,sensor.arbeitsplatz_helligkeit,753.0
24664.76,sensor.arbeitsplatz_helligkeit,753.0
24765.86,sensor.arbeitsplatz_helligkeit,753.0
24866.44,sensor.arbeitsplatz_helligkeit,753.0
24966.97,sensor.arbeitsplatz_helligkeit,753.0
25068.02,sensor.arbeitsplatz_helligkeit,753.0
25169.2,sensor.arbeitsplatz_helligkeit,753.0
25270.4,sensor.arbeitsplatz_helligkeit,753.0
25370.73,sensor.arbeitsplatz_helligkeit,753.0
25471.85,sensor.arbeitsplatz_helligkeit,753.0
25572.78,sensor.arbeitsplatz_helligkeit,753.0
25673.72,sensor.arbeitsplatz_helligkeit,753.0
25773.95,sensor.arbeitsplatz_helligkeit,753.0
25875.17,sensor.arbeitsplatz_helligkeit,753.0
25976.33,sensor.arbeitsplatz_helligkeit,753.0
26076.88,sensor.arbeitsplatz_helligkeit,753.0
26177.97,sensor.arbeitsplatz_helligkeit,753.0
26279.13,sensor.arbeitsplatz_helligkeit,753.0
26380.27,sensor.arbeitsplatz_helligkeit,753.0
26481.41,sensor.arbeitsplatz_helligkeit,752.0
26582.56,sensor.arbeitsplatz_helligkeit,752.0
26683.71,sensor.arbeitsplatz_helligkeit,752.0
26784.93,sensor.arbeitsplatz_helligkeit,752.0
26885.34,sensor.arbeitsplatz_helligkeit,752.0
26985.68,sensor.arbeitsplatz_helligkeit,752.0
27086.15,sensor.arbeitsplatz_helligkeit,752.0
27187.31,sensor.arbeitsplatz_helligkeit,752.0
27288.57,sensor.arbeitsplatz_helligkeit,752.0
27389.76,sensor.arbeitsplatz_helligkeit,752.0
27490.92,sensor.arbeitsplatz_helligkeit,752.0
27591.16,sensor.arbeitsplatz_helligkeit,752.0
27692.35,sensor.arbeitsplatz_helligkeit,752.0
27793.51,sensor.arbeitsplatz_helligkeit,752.0
27894.69,sensor.arbeitsplatz_helligkeit,752.0
27995.89,sensor.arbeitsplatz_helligkeit,752.0
28097.08,sensor.arbeitsplatz_helligkeit,752.0
28197.75,sensor.arbeitsplatz_helligkeit,752.0
28298.94,sensor.arbeitsplatz_helligkeit,752.0
28400.1,sensor.arbeitsplatz_helligkeit,753.0
28501.49,sensor.arbeitsplatz_helligkeit,753.0
28602.79,sensor.arbeitsplatz_helligkeit,753.0
28703.38,sensor.arbeitsplatz_helligkeit,753.0
28804.6,sensor.arbeitsplatz_helligkeit,753.0
28905.81,sensor.arbeitsplatz_helligkeit,753.0
29007.01,sensor.arbeitsplatz_helligkeit,753.0
29108.14,sensor.arbeitsplatz_helligkeit,753.0
29209.04,sensor.arbeitsplatz_helligkeit,753.0
29310.23,sensor.arbeitsplatz_helligkeit,753.0
29411.41,sensor.arbeitsplatz_helligkeit,753.0
29512.13,sensor.arbeitsplatz_helligkeit,753.0
29612.49,sensor.arbeitsplatz_helligkeit,753.0
29713.44,sensor.arbeitsplatz_helligkeit,753.0
29814.64,sensor.arbeitsplatz_helligkeit,753.0
29915.72,sensor.arbeitsplatz_helligkeit,753.0
